"1895d4d","Wes021","Mon, 22 Jun 2026 22:33:44 +0300","Add comment management feature with delete functionality",	 14 files changed, 189 insertions(+), 2 deletions(-)	
"eeb722a","Wes021","Sun, 21 Jun 2026 22:38:30 +0300","Add task comments functionality and related models",	 12 files changed, 635 insertions(+), 2 deletions(-)	
"b268b9b","Wes021","Sun, 21 Jun 2026 21:58:26 +0300","Refactor task management and enhance error handling",	 21 files changed, 879 insertions(+), 31 deletions(-)	
"f826f59","Wes021","Tue, 16 Jun 2026 22:19:50 +0300","Add task status management and retrieval features",	 13 files changed, 415 insertions(+), 21 deletions(-)	
"de2a78d","Wes021","Tue, 16 Jun 2026 18:26:14 +0300","Enhance response message in TasksService",	 1 file changed, 9 insertions(+), 1 deletion(-)	
"66afec6","Wes021","Sun, 14 Jun 2026 22:12:38 +0300","Add project and task retrieval features",	 20 files changed, 638 insertions(+), 33 deletions(-)	
"ccbceb7","Wes021","Sun, 14 Jun 2026 22:12:04 +0300","Update .gitignore and overhaul appsettings.json",	 2 files changed, 1 insertion(+), 20 deletions(-)	
"8701374","Wes021","Sat, 13 Jun 2026 20:53:22 +0300","Refactor task management and file handling components",	 19 files changed, 197 insertions(+), 71 deletions(-)	
"a44149f","Wes021","Sat, 13 Jun 2026 20:52:34 +0300","Update .gitignore to exclude additional files",	 1 file changed, 2 insertions(+), 1 deletion(-)	
"a9f9198","Wes021","Sat, 13 Jun 2026 20:27:36 +0300","Finished the Add task api, handled the files, and created the task aggregate",	 23 files changed, 657 insertions(+), 156 deletions(-)	
"4e342dc","Wes021","Thu, 11 Jun 2026 23:56:18 +0300","Enhance task management and project lookup features",	 23 files changed, 547 insertions(+), 22 deletions(-)	
"5972ce1","Wes021","Thu, 4 Jun 2026 21:41:44 +0300","Add tasks module and update database schema",	 11 files changed, 949 insertions(+), 34 deletions(-)	
"35faa3c","Wes021","Wed, 3 Jun 2026 20:34:07 +0300","Add Tasks project with domain models and configurations",	 12 files changed, 270 insertions(+), 7 deletions(-)	
"55f8057","Wes021","Mon, 25 May 2026 14:36:28 +0300","Enhance project member management and validation",	 3 files changed, 103 insertions(+), 42 deletions(-)	
"19232ab","Wes021","Sun, 24 May 2026 20:30:14 +0300","Enhance user and project member data handling",	 16 files changed, 633 insertions(+), 76 deletions(-)	
"26e2722","Wes021","Sat, 23 May 2026 23:34:25 +0300","Enhance identity and project management modules",	 26 files changed, 1409 insertions(+), 79 deletions(-)	
"89cd89f","Wes021","Sat, 23 May 2026 14:46:09 +0300","Enhance project management features and validations",	 7 files changed, 313 insertions(+), 89 deletions(-)	
"9ab3d40","Wes021","Fri, 22 May 2026 23:16:33 +0300","Enhance ProjectMember management and repository structure",	 13 files changed, 674 insertions(+), 9 deletions(-)	
"a99a713","Wes021","Fri, 22 May 2026 15:20:03 +0300","Enhance user and project management functionality",	 9 files changed, 117 insertions(+), 11 deletions(-)	
"9e488a5","Wes021","Fri, 8 May 2026 23:02:09 +0300","Add Update method for project management",	 1 file changed, 45 insertions(+)	
"ac5c1c6","Wes021","Fri, 8 May 2026 22:47:52 +0300","Enhance project and user management functionality",	 14 files changed, 343 insertions(+), 9 deletions(-)	
"9295004","Wes021","Fri, 8 May 2026 19:11:32 +0300","Enhance user and project management functionalities",	 18 files changed, 315 insertions(+), 9 deletions(-)	
"9749941","Wes021","Tue, 5 May 2026 22:16:17 +0300","Enhance project date validation and error handling",	 3 files changed, 14 insertions(+), 3 deletions(-)	
"49c8432","Wes021","Tue, 5 May 2026 22:03:45 +0300","Refactor database contexts for identity and projects",	 22 files changed, 427 insertions(+), 33 deletions(-)	
"999270a","Wes021","Sat, 2 May 2026 21:44:11 +0300","Add Projects module with project management features",	 44 files changed, 596 insertions(+), 24 deletions(-)	
"1b708f0","Wes021","Fri, 1 May 2026 21:42:04 +0300","Implement user status management features",	 10 files changed, 238 insertions(+), 6 deletions(-)	
"72c9131","Wes021","Thu, 30 Apr 2026 22:43:34 +0300","Add user management features and role handling",	 11 files changed, 182 insertions(+), 30 deletions(-)	
"22ac3c4","Wes021","Thu, 30 Apr 2026 20:17:07 +0300","Add Unit of Work interface and implementation",	 2 files changed, 38 insertions(+)	
"a15b1fd","Wes021","Tue, 28 Apr 2026 22:54:44 +0300","Add user management features and phone number support, started an api for adding a new user(partially finished).",	 9 files changed, 224 insertions(+), 5 deletions(-)	
"4884e00","Wes021","Tue, 28 Apr 2026 22:13:37 +0300","Integrate AutoMapper and implement JWT authentication",	 27 files changed, 559 insertions(+), 36 deletions(-)	
"5fe84ba","Wes021","Mon, 20 Apr 2026 22:54:37 +0300","Finished the login api",	 5 files changed, 21 insertions(+), 8 deletions(-)	
"878bd29","Wes021","Mon, 20 Apr 2026 21:47:42 +0300","Add project files.",	 39 files changed, 1457 insertions(+)	
"71930e0","Wes021","Mon, 20 Apr 2026 21:47:39 +0300","Add .gitattributes and .gitignore.",	 2 files changed, 426 insertions(+)	
